{
  "sw_latitude": 40.85156299711381,
  "sw_longitude": -74.17830558710938,
  "ne_latitude": 40.65390350048448,
  "ne_longitude": -74.04612632685547
}
