{
  "sw_latitude": 37.900000,
  "sw_longitude": -122.500000,
  "ne_latitude": 37.788022,
  "ne_longitude": -122.399797
}